displayOrganisations,2020-04-23 12:40:03
updateTime,2020-04-23 12:40:49
updateTime,2020-04-23 12:40:49
displayOrganisations,2020-04-23 12:40:50
displayOrganisations,2020-04-28 01:04:06
displayOrganisations,2020-04-28 01:05:02
addOrganisation,2020-04-28 10:28:36
updateTime,2020-04-28 10:30:52
addOrganisation,2020-04-28 10:31:22
addOrganisation,2020-04-28 11:11:49
addOrganisation,2020-04-28 11:12:29
addOrganisation,2020-04-28 11:15:29
addOrganisation,2020-04-28 11:17:05
addOrganisation,2020-04-28 11:18:12
addOrganisation,2020-04-28 11:33:24
addOrganisation,2020-04-28 11:36:29
displayOrganisations,2020-04-28 16:27:53
addBranch,2020-04-28 16:28:11
displayOrganisations,2020-04-28 16:29:13
addBranch,2020-04-28 16:29:14
displayOrganisations,2020-04-28 16:30:24
addBranch,2020-04-28 16:30:26
displayOrganisations,2020-04-28 16:30:48
displayOrganisations,2020-04-28 16:32:11
addBranch,2020-04-28 16:32:13
addBranch,2020-04-28 16:32:31
displayOrganisations,2020-04-28 16:32:51
updateTime,2020-04-28 16:33:32
updateTime,2020-04-28 16:33:36
displayOrganisations,2020-04-28 16:33:41
updateTime,2020-04-28 16:55:09
updateTime,2020-04-28 16:55:10
displayOrganisations,2020-04-28 16:55:37
displayOrganisations,2020-04-28 17:39:56
addOrganisation,2020-04-28 17:40:01
addBranch,2020-04-28 17:40:15
addBranch,2020-04-28 17:40:21
addBranch,2020-04-28 17:42:21
displayOrganisations,2020-04-28 19:07:07
addBranch,2020-04-28 19:07:08
displayOrganisations,2020-04-28 22:53:34
updateTime,2020-04-28 22:53:46
updateTime,2020-04-28 22:53:47
displayOrganisations,2020-04-28 22:53:50
displayOrganisations,2020-04-28 23:49:08
displayOrganisations,2020-04-28 23:50:50
updateTime,2020-04-29 00:08:29
updateTime,2020-04-29 00:08:30
updateTime,2020-04-29 00:19:17
updateTime,2020-04-29 00:19:17
displayOrganisations,2020-04-29 00:20:48
hire,2020-04-29 00:21:15
hire,2020-04-29 00:22:52
addBranch,2020-04-29 00:26:24
addBranch,2020-04-29 00:30:53
displayOrganisations,2020-04-29 00:31:16
hire,2020-04-29 00:32:43
displayOrganisations,2020-04-29 02:18:03
getAllProjectsName,2020-04-29 02:18:30
getAllProjectsName,2020-04-29 02:21:40
getAllProjectsName,2020-04-29 02:22:35
getAllProjectsName,2020-04-29 02:23:09
getAllProjectsName,2020-04-29 02:24:42
updateTime,2020-04-29 02:24:53
updateTime,2020-04-29 02:24:54
getAllProjectsName,2020-04-29 02:24:57
addProject,2020-04-29 02:25:11
getAllProjectsName,2020-04-29 02:29:41
addProject,2020-04-29 02:29:47
getAllProjectsName,2020-04-29 02:30:15
addProject,2020-04-29 02:31:39
addProject,2020-04-29 02:32:47
displayOrganisations,2020-04-29 02:33:33
displayOrganisations,2020-04-29 02:34:28
addProject,2020-04-29 02:36:16
addOrganisation,2020-04-29 02:39:14
addOrganisation,2020-04-29 02:40:54
addProject,2020-04-29 02:47:34
updateTime,2020-04-29 02:48:26
updateTime,2020-04-29 02:48:27
getAllProjectsName,2020-04-29 02:49:03
updateTime,2020-04-29 02:49:09
bustOrganisation,2020-04-29 02:49:47
hire,2020-04-29 03:32:10
displayOrganisations,2020-04-30 20:46:42
updateTime,2020-04-30 20:47:38
getAllProjectsName,2020-04-30 20:47:48
addOrganisation,2020-04-30 20:51:11
getAllProjectsName,2020-04-30 20:51:39
displayOrganisations,2020-04-30 20:51:46
displayOrganisations,2020-04-30 20:51:58
addProject,2020-06-02 17:50:40
getAllProjectsName,2020-06-02 18:07:37
addProject,2020-06-02 18:07:47
getAllProjectsName,2020-06-02 18:08:17
getAllProjectsName,2020-06-02 18:14:36
getAllProjectsName,2020-06-02 18:15:59
updateTime,2020-06-02 18:20:01
updateTime,2020-06-02 18:20:07
updateTime,2020-06-02 18:21:23
updateTime,2020-06-02 18:21:28
updateTime,2020-06-02 18:21:31
updateTime,2020-06-02 18:32:00
updateTime,2020-06-02 18:41:49
updateTime,2020-06-02 18:49:46
updateTime,2020-06-02 18:50:18
updateTime,2020-06-03 11:58:18
updateTime,2020-06-03 11:58:30
addBranch,2020-06-03 16:02:20
addBranch,2020-06-03 16:04:17
addBranch,2020-06-03 16:04:52
addBranch,2020-06-03 16:06:40
addBranch,2020-06-03 16:54:45
hire,2020-06-03 16:56:34
addProject,2020-06-03 16:57:54
addBranch,2020-06-03 17:09:12
hire,2020-06-03 17:09:32
hire,2020-06-03 17:11:42
addProject,2020-06-03 17:13:07
updateTime,2020-06-03 17:14:17
updateTime,2020-06-03 17:14:24
getCountry,2020-06-04 13:01:02, AWT-EventQueue-0
getCountry,2020-06-04 14:11:31, AWT-EventQueue-0
getCountry,2020-06-04 14:12:52, AWT-EventQueue-0
getCountry,2020-06-04 14:12:59, AWT-EventQueue-0
getCountry,2020-06-04 14:14:05, AWT-EventQueue-0
getCountry,2020-06-04 14:17:08, AWT-EventQueue-0
getCountry,2020-06-04 14:17:36, AWT-EventQueue-0
getProjectsGUI,2020-06-04 14:22:30, AWT-EventQueue-0
getProjectsGUI,2020-06-04 14:25:26, AWT-EventQueue-0
getProjectsGUI,2020-06-04 14:25:41, AWT-EventQueue-0
getProjectsGUI,2020-06-04 14:26:16, AWT-EventQueue-0
getProjectsGUI,2020-06-04 14:26:51, AWT-EventQueue-0
getProjectsGUI,2020-06-04 14:26:57, AWT-EventQueue-0
getProjectsGUI,2020-06-04 14:27:22, AWT-EventQueue-0
getProjectsGUI,2020-06-04 14:29:39, AWT-EventQueue-0
getBusiesDepGUIV2,2020-06-04 14:29:56, AWT-EventQueue-0
getEmployeesGUI,2020-06-04 14:30:03, AWT-EventQueue-0
getCountry,2020-06-04 14:30:12, AWT-EventQueue-0
getProjectsGUI,2020-06-04 16:18:14, AWT-EventQueue-0
getProjectsGUI,2020-06-04 16:31:19, AWT-EventQueue-0
getProjectsGUI,2020-06-04 16:33:19, AWT-EventQueue-0
getBusiestDepGUIv1,2020-06-04 16:33:27, AWT-EventQueue-0
getEmployeesGUI,2020-06-04 16:33:37, AWT-EventQueue-0
getCountry,2020-06-04 16:33:43, AWT-EventQueue-0
getProjectsGUI,2020-06-04 16:34:36, AWT-EventQueue-0
getCountry,2020-06-04 16:34:44, AWT-EventQueue-0
getProjectsGUI,2020-06-04 16:34:56, AWT-EventQueue-0
getBusiesDepGUIV2,2020-06-04 16:34:58, AWT-EventQueue-0
getEmployeesGUI,2020-06-04 16:35:02, AWT-EventQueue-0
getCountry,2020-06-04 16:35:06, AWT-EventQueue-0
getProjectsGUI,2020-06-04 17:52:47, AWT-EventQueue-0
getBusiestDepGUIv1,2020-06-04 17:53:19, AWT-EventQueue-0
getProjectsGUI,2020-06-04 17:53:49, AWT-EventQueue-0
getCountry,2020-06-04 17:54:21, AWT-EventQueue-0
